contest_id,contest_sport,contest_type,entry_amount,prize_pool,contest_create_ts
1000,cricket,mega,100,80000,2024-04-11T09:45:03.658-04:00
1001,cricket,mega,200,20000,2024-04-11T09:45:03.658-04:00
1002,cricket,mega,50,10000,2024-04-11T09:45:03.658-04:00
1003,cricket,mega,200,10000,2024-04-11T09:45:03.658-04:00
1004,cricket,private,200,80000,2024-04-11T09:45:03.658-04:00
1005,cricket,public,200,20000,2024-04-11T09:45:03.658-04:00
1006,cricket,public,800,80000,2024-04-11T09:45:03.658-04:00
1007,cricket,public,50,20000,2024-04-11T09:45:03.658-04:00
1008,cricket,head-to-head,100,10000,2024-04-11T09:45:03.658-04:00
1009,football,mega,100,10000,2024-04-11T09:45:03.658-04:00
1010,football,mega,1600,5000,2024-04-11T09:45:03.658-04:00
1011,football,mega,800,80000,2024-04-11T09:45:03.658-04:00
1012,kabaddi,mega,100,40000,2024-04-11T09:45:03.658-04:00
1013,cricket,private,400,80000,2024-04-11T09:45:03.658-04:00
1014,cricket,public,100,40000,2024-04-11T09:45:03.658-04:00
1015,cricket,public,800,20000,2024-04-11T09:45:03.658-04:00
1016,cricket,public,100,2500,2024-04-11T09:45:03.658-04:00
1017,cricket,head-to-head,100,10000,2024-04-11T09:45:03.658-04:00
1018,cricket,mega,100,160000,2024-04-11T09:45:03.658-04:00
1019,cricket,mega,800,10000,2024-04-11T09:45:03.658-04:00
1020,cricket,mega,100,5000,2024-04-11T09:45:03.658-04:00
1021,cricket,mega,100,80000,2024-04-11T09:45:03.658-04:00
1022,football,private,100,160000,2024-04-11T09:45:03.658-04:00
1023,football,public,50,80000,2024-04-11T09:45:03.658-04:00
1024,football,public,800,40000,2024-04-11T09:45:03.658-04:00
1025,kabaddi,public,800,10000,2024-04-11T09:45:03.658-04:00
1026,cricket,head-to-head,400,5000,2024-04-11T09:45:03.658-04:00
1027,cricket,mega,50,10000,2024-04-11T09:45:03.658-04:00
1028,cricket,mega,400,5000,2024-04-11T09:45:03.658-04:00
1029,cricket,mega,25,10000,2024-04-11T09:45:03.658-04:00
1030,cricket,mega,25,5000,2024-04-11T09:45:03.658-04:00
1031,cricket,private,25,160000,2024-04-11T09:45:03.658-04:00
1032,cricket,public,400,2500,2024-04-11T09:45:03.658-04:00
1033,cricket,public,800,40000,2024-04-11T09:45:03.658-04:00
1034,cricket,public,200,5000,2024-04-11T09:45:03.658-04:00
1035,football,head-to-head,200,20000,2024-04-11T09:45:03.658-04:00
1036,football,mega,25,20000,2024-04-11T09:45:03.658-04:00
1037,football,mega,25,5000,2024-04-11T09:45:03.658-04:00
1038,kabaddi,mega,100,160000,2024-04-11T09:45:03.658-04:00
1039,cricket,mega,400,80000,2024-04-11T09:45:03.658-04:00
1040,cricket,private,100,20000,2024-04-11T09:45:03.658-04:00
1041,cricket,public,100,40000,2024-04-11T09:45:03.658-04:00
1042,cricket,public,50,10000,2024-04-11T09:45:03.658-04:00
1043,cricket,public,50,2500,2024-04-11T09:45:03.658-04:00
1044,cricket,head-to-head,400,40000,2024-04-11T09:45:03.658-04:00
1045,cricket,mega,400,5000,2024-04-11T09:45:03.658-04:00
1046,cricket,mega,50,40000,2024-04-11T09:45:03.658-04:00
1047,cricket,mega,400,20000,2024-04-11T09:45:03.658-04:00
1048,football,mega,200,20000,2024-04-11T09:45:03.658-04:00
1049,football,private,50,10000,2024-04-11T09:45:03.658-04:00
1050,football,public,50,20000,2024-04-11T09:45:03.658-04:00
1051,kabaddi,public,100,80000,2024-04-11T09:45:03.658-04:00
1052,cricket,public,25,80000,2024-04-11T09:45:03.658-04:00
1053,cricket,head-to-head,800,10000,2024-04-11T09:45:03.658-04:00
1054,cricket,mega,200,20000,2024-04-11T09:45:03.658-04:00
1055,cricket,mega,50,80000,2024-04-11T09:45:03.658-04:00
1056,cricket,mega,200,160000,2024-04-11T09:45:03.658-04:00
1057,cricket,mega,100,80000,2024-04-11T09:45:03.658-04:00
1058,cricket,private,800,2500,2024-04-11T09:45:03.658-04:00
1059,cricket,public,800,5000,2024-04-11T09:45:03.658-04:00
1060,cricket,public,1600,40000,2024-04-11T09:45:03.658-04:00
1061,football,public,1600,10000,2024-04-11T09:45:03.658-04:00
1062,football,head-to-head,400,40000,2024-04-11T09:45:03.658-04:00
1063,football,mega,400,2500,2024-04-11T09:45:03.658-04:00
1064,kabaddi,mega,800,10000,2024-04-11T09:45:03.658-04:00
1065,cricket,mega,25,10000,2024-04-11T09:45:03.658-04:00
1066,cricket,mega,100,10000,2024-04-11T09:45:03.658-04:00
1067,cricket,private,25,10000,2024-04-11T09:45:03.658-04:00
1068,cricket,public,100,5000,2024-04-11T09:45:03.658-04:00
1069,cricket,public,400,20000,2024-04-11T09:45:03.658-04:00
1070,cricket,public,50,5000,2024-04-11T09:45:03.658-04:00
1071,cricket,head-to-head,400,2500,2024-04-11T09:45:03.658-04:00
1072,cricket,mega,50,80000,2024-04-11T09:45:03.658-04:00
1073,cricket,mega,400,5000,2024-04-11T09:45:03.658-04:00
1074,football,mega,50,10000,2024-04-11T09:45:03.658-04:00
1075,football,mega,100,160000,2024-04-11T09:45:03.658-04:00
1076,football,private,1600,80000,2024-04-11T09:45:03.658-04:00
1077,kabaddi,public,100,80000,2024-04-11T09:45:03.658-04:00
1078,cricket,public,400,5000,2024-04-11T09:45:03.658-04:00
1079,cricket,public,100,40000,2024-04-11T09:45:03.658-04:00
1080,cricket,head-to-head,1600,2500,2024-04-11T09:45:03.658-04:00
1081,cricket,mega,800,10000,2024-04-11T09:45:03.658-04:00
1082,cricket,mega,25,40000,2024-04-11T09:45:03.658-04:00
1083,cricket,mega,400,80000,2024-04-11T09:45:03.658-04:00
1084,cricket,mega,50,160000,2024-04-11T09:45:03.658-04:00
1085,cricket,private,50,5000,2024-04-11T09:45:03.658-04:00
1086,cricket,public,100,20000,2024-04-11T09:45:03.658-04:00
1087,football,public,400,40000,2024-04-11T09:45:03.658-04:00
1088,football,public,400,80000,2024-04-11T09:45:03.658-04:00
1089,football,head-to-head,100,40000,2024-04-11T09:45:03.658-04:00
1090,kabaddi,mega,1600,40000,2024-04-11T09:45:03.658-04:00
1091,cricket,mega,400,5000,2024-04-11T09:45:03.658-04:00
1092,cricket,mega,400,40000,2024-04-11T09:45:03.658-04:00
1093,cricket,mega,50,10000,2024-04-11T09:45:03.658-04:00
1094,cricket,private,800,20000,2024-04-11T09:45:03.658-04:00
1095,cricket,public,100,10000,2024-04-11T09:45:03.658-04:00
1096,cricket,public,200,10000,2024-04-11T09:45:03.658-04:00
1097,cricket,public,100,80000,2024-04-11T09:45:03.658-04:00
1098,cricket,head-to-head,50,2500,2024-04-11T09:45:03.658-04:00
1099,cricket,mega,1600,80000,2024-04-11T09:45:03.658-04:00
1100,football,mega,400,10000,2024-04-11T09:45:03.658-04:00
1101,football,mega,50,160000,2024-04-11T09:45:03.658-04:00
1102,football,mega,50,2500,2024-04-11T09:45:03.658-04:00
1103,kabaddi,private,800,80000,2024-04-11T09:45:03.658-04:00
1104,cricket,public,800,80000,2024-04-11T09:45:03.658-04:00
1105,cricket,public,100,160000,2024-04-11T09:45:03.658-04:00
1106,cricket,public,100,40000,2024-04-11T09:45:03.658-04:00
1107,cricket,head-to-head,800,20000,2024-04-11T09:45:03.658-04:00
1108,cricket,mega,400,40000,2024-04-11T09:45:03.658-04:00
1109,cricket,mega,1600,20000,2024-04-11T09:45:03.658-04:00
1110,cricket,mega,400,40000,2024-04-11T09:45:03.658-04:00
1111,cricket,mega,800,2500,2024-04-11T09:45:03.658-04:00
1112,cricket,private,400,160000,2024-04-11T09:45:03.658-04:00
1113,football,public,50,40000,2024-04-11T09:45:03.658-04:00
1114,football,public,25,2500,2024-04-11T09:45:03.658-04:00
1115,football,public,400,80000,2024-04-11T09:45:03.658-04:00
1116,kabaddi,head-to-head,100,160000,2024-04-11T09:45:03.658-04:00
1117,cricket,mega,100,40000,2024-04-11T09:45:03.658-04:00
1118,cricket,mega,200,10000,2024-04-11T09:45:03.658-04:00
1119,cricket,mega,400,160000,2024-04-11T09:45:03.658-04:00
1120,cricket,mega,200,5000,2024-04-11T09:45:03.658-04:00
1121,cricket,private,400,20000,2024-04-11T09:45:03.658-04:00
1122,cricket,public,100,10000,2024-04-11T09:45:03.658-04:00
1123,cricket,public,25,20000,2024-04-11T09:45:03.658-04:00
1124,cricket,public,50,40000,2024-04-11T09:45:03.658-04:00
1125,cricket,head-to-head,1600,40000,2024-04-11T09:45:03.658-04:00
1126,football,mega,100,80000,2024-04-11T09:45:03.658-04:00
1127,football,mega,100,2500,2024-04-11T09:45:03.658-04:00
1128,football,mega,50,20000,2024-04-11T09:45:03.658-04:00
1129,kabaddi,mega,200,40000,2024-04-11T09:45:03.658-04:00
1130,cricket,private,25,10000,2024-04-11T09:45:03.658-04:00
1131,cricket,public,200,2500,2024-04-11T09:45:03.658-04:00
1132,cricket,public,800,5000,2024-04-11T09:45:03.658-04:00
1133,cricket,public,400,10000,2024-04-11T09:45:03.658-04:00
1134,cricket,head-to-head,200,80000,2024-04-11T09:45:03.658-04:00
1135,cricket,mega,400,160000,2024-04-11T09:45:03.658-04:00
1136,cricket,mega,25,20000,2024-04-11T09:45:03.658-04:00
1137,cricket,mega,1600,20000,2024-04-11T09:45:03.658-04:00
1138,cricket,mega,1600,5000,2024-04-11T09:45:03.658-04:00
1139,football,private,400,5000,2024-04-11T09:45:03.658-04:00
1140,football,public,400,2500,2024-04-11T09:45:03.658-04:00
1141,football,public,800,10000,2024-04-11T09:45:03.658-04:00
1142,kabaddi,public,400,40000,2024-04-11T09:45:03.658-04:00
1143,cricket,head-to-head,400,10000,2024-04-11T09:45:03.658-04:00
1144,cricket,mega,200,20000,2024-04-11T09:45:03.658-04:00
1145,cricket,mega,400,2500,2024-04-11T09:45:03.658-04:00
1146,cricket,mega,100,20000,2024-04-11T09:45:03.658-04:00
1147,cricket,mega,25,10000,2024-04-11T09:45:03.658-04:00
1148,cricket,private,1600,160000,2024-04-11T09:45:03.658-04:00
1149,cricket,public,200,160000,2024-04-11T09:45:03.658-04:00
1150,cricket,public,200,160000,2024-04-11T09:45:03.658-04:00
1151,cricket,public,200,5000,2024-04-11T09:45:03.658-04:00
1152,football,head-to-head,800,40000,2024-04-11T09:45:03.658-04:00
1153,football,mega,800,40000,2024-04-11T09:45:03.658-04:00
1154,football,mega,200,20000,2024-04-11T09:45:03.658-04:00
1155,kabaddi,mega,200,160000,2024-04-11T09:45:03.658-04:00
1156,cricket,mega,400,5000,2024-04-11T09:45:03.658-04:00
1157,cricket,private,1600,5000,2024-04-11T09:45:03.658-04:00
1158,cricket,public,800,20000,2024-04-11T09:45:03.658-04:00
1159,cricket,public,50,80000,2024-04-11T09:45:03.658-04:00
1160,cricket,public,1600,40000,2024-04-11T09:45:03.658-04:00
1161,cricket,head-to-head,100,40000,2024-04-11T09:45:03.658-04:00
1162,cricket,mega,800,40000,2024-04-11T09:45:03.658-04:00
1163,cricket,mega,1600,20000,2024-04-11T09:45:03.658-04:00
1164,cricket,mega,200,80000,2024-04-11T09:45:03.658-04:00
1165,football,mega,100,20000,2024-04-11T09:45:03.658-04:00
1166,football,private,800,80000,2024-04-11T09:45:03.658-04:00
1167,football,public,50,20000,2024-04-11T09:45:03.658-04:00
1168,kabaddi,public,400,20000,2024-04-11T09:45:03.658-04:00
1169,cricket,public,400,5000,2024-04-11T09:45:03.658-04:00
1170,cricket,head-to-head,1600,2500,2024-04-11T09:45:03.658-04:00
1171,cricket,mega,200,2500,2024-04-11T09:45:03.658-04:00
1172,cricket,mega,100,40000,2024-04-11T09:45:03.658-04:00
1173,cricket,mega,50,40000,2024-04-11T09:45:03.658-04:00
1174,cricket,mega,800,5000,2024-04-11T09:45:03.658-04:00
1175,cricket,private,200,40000,2024-04-11T09:45:03.658-04:00
1176,cricket,public,800,5000,2024-04-11T09:45:03.658-04:00
1177,cricket,public,800,2500,2024-04-11T09:45:03.658-04:00
1178,football,public,100,20000,2024-04-11T09:45:03.658-04:00
1179,football,head-to-head,100,40000,2024-04-11T09:45:03.658-04:00
1180,football,mega,400,5000,2024-04-11T09:45:03.658-04:00
1181,kabaddi,mega,400,10000,2024-04-11T09:45:03.658-04:00
1182,cricket,mega,200,40000,2024-04-11T09:45:03.658-04:00
1183,cricket,mega,25,5000,2024-04-11T09:45:03.658-04:00
1184,cricket,private,400,40000,2024-04-11T09:45:03.658-04:00
1185,cricket,public,100,5000,2024-04-11T09:45:03.658-04:00
1186,cricket,public,800,10000,2024-04-11T09:45:03.658-04:00
1187,cricket,public,1600,160000,2024-04-11T09:45:03.658-04:00
1188,cricket,head-to-head,800,10000,2024-04-11T09:45:03.658-04:00
1189,cricket,mega,200,160000,2024-04-11T09:45:03.658-04:00
1190,cricket,mega,1600,80000,2024-04-11T09:45:03.658-04:00
1191,football,mega,800,40000,2024-04-11T09:45:03.658-04:00
1192,football,mega,200,20000,2024-04-11T09:45:03.658-04:00
1193,football,private,800,80000,2024-04-11T09:45:03.658-04:00
1194,kabaddi,public,400,40000,2024-04-11T09:45:03.658-04:00
1195,cricket,public,400,20000,2024-04-11T09:45:03.658-04:00
1196,cricket,public,50,40000,2024-04-11T09:45:03.658-04:00
1197,cricket,head-to-head,400,20000,2024-04-11T09:45:03.658-04:00
1198,cricket,mega,200,80000,2024-04-11T09:45:03.658-04:00
1199,cricket,mega,200,40000,2024-04-11T09:45:03.658-04:00
1200,cricket,mega,200,5000,2024-04-11T09:45:03.658-04:00
1201,cricket,mega,50,80000,2024-04-11T09:45:03.658-04:00
1202,cricket,private,50,20000,2024-04-11T09:45:03.658-04:00
1203,cricket,public,200,80000,2024-04-11T09:45:03.658-04:00
1204,football,public,800,40000,2024-04-11T09:45:03.658-04:00
1205,football,public,200,10000,2024-04-11T09:45:03.658-04:00
1206,football,head-to-head,1600,160000,2024-04-11T09:45:03.658-04:00
1207,kabaddi,mega,100,5000,2024-04-11T09:45:03.658-04:00
1208,cricket,mega,800,20000,2024-04-11T09:45:03.658-04:00
1209,cricket,mega,400,10000,2024-04-11T09:45:03.658-04:00
1210,cricket,mega,400,160000,2024-04-11T09:45:03.658-04:00
1211,cricket,private,100,2500,2024-04-11T09:45:03.658-04:00
1212,cricket,public,50,20000,2024-04-11T09:45:03.658-04:00
1213,cricket,public,1600,160000,2024-04-11T09:45:03.658-04:00
1214,cricket,public,200,40000,2024-04-11T09:45:03.658-04:00
1215,cricket,head-to-head,50,2500,2024-04-11T09:45:03.658-04:00
1216,cricket,mega,25,80000,2024-04-11T09:45:03.658-04:00
1217,football,mega,200,5000,2024-04-11T09:45:03.658-04:00
1218,football,mega,800,2500,2024-04-11T09:45:03.658-04:00
1219,football,mega,400,40000,2024-04-11T09:45:03.658-04:00
1220,kabaddi,private,50,20000,2024-04-11T09:45:03.658-04:00
1221,cricket,public,100,20000,2024-04-11T09:45:03.658-04:00
1222,cricket,public,800,20000,2024-04-11T09:45:03.658-04:00
1223,cricket,public,800,40000,2024-04-11T09:45:03.658-04:00
1224,cricket,head-to-head,400,160000,2024-04-11T09:45:03.658-04:00
1225,cricket,mega,100,10000,2024-04-11T09:45:03.658-04:00
1226,cricket,mega,25,40000,2024-04-11T09:45:03.658-04:00
1227,cricket,mega,100,20000,2024-04-11T09:45:03.658-04:00
1228,cricket,mega,1600,5000,2024-04-11T09:45:03.658-04:00
1229,cricket,private,50,5000,2024-04-11T09:45:03.658-04:00
1230,football,public,200,20000,2024-04-11T09:45:03.658-04:00
1231,football,public,800,5000,2024-04-11T09:45:03.658-04:00
1232,football,public,800,80000,2024-04-11T09:45:03.658-04:00
1233,kabaddi,head-to-head,50,10000,2024-04-11T09:45:03.658-04:00
1234,cricket,mega,100,40000,2024-04-11T09:45:03.658-04:00
1235,cricket,mega,100,2500,2024-04-11T09:45:03.658-04:00
1236,cricket,mega,100,20000,2024-04-11T09:45:03.658-04:00
1237,cricket,mega,25,10000,2024-04-11T09:45:03.658-04:00
1238,cricket,private,400,5000,2024-04-11T09:45:03.658-04:00
1239,cricket,public,400,40000,2024-04-11T09:45:03.658-04:00
1240,cricket,public,100,5000,2024-04-11T09:45:03.658-04:00
1241,cricket,public,800,40000,2024-04-11T09:45:03.658-04:00
1242,cricket,head-to-head,800,40000,2024-04-11T09:45:03.658-04:00
1243,football,mega,50,5000,2024-04-11T09:45:03.658-04:00
1244,football,mega,100,80000,2024-04-11T09:45:03.658-04:00
1245,football,mega,200,20000,2024-04-11T09:45:03.658-04:00
1246,kabaddi,mega,50,40000,2024-04-11T09:45:03.658-04:00
1247,cricket,private,800,5000,2024-04-11T09:45:03.658-04:00
1248,cricket,public,50,20000,2024-04-11T09:45:03.658-04:00
1249,cricket,public,400,10000,2024-04-11T09:45:03.658-04:00
1250,cricket,public,800,80000,2024-04-11T09:45:03.658-04:00
1251,cricket,head-to-head,200,10000,2024-04-11T09:45:03.658-04:00
1252,cricket,mega,1600,10000,2024-04-11T09:45:03.658-04:00
1253,cricket,mega,800,2500,2024-04-11T09:45:03.658-04:00
1254,cricket,mega,25,2500,2024-04-11T09:45:03.658-04:00
1255,cricket,mega,25,10000,2024-04-11T09:45:03.658-04:00
1256,football,private,200,2500,2024-04-11T09:45:03.658-04:00
1257,football,public,800,40000,2024-04-11T09:45:03.658-04:00
1258,football,public,800,5000,2024-04-11T09:45:03.658-04:00
1259,kabaddi,public,800,10000,2024-04-11T09:45:03.658-04:00
1260,cricket,head-to-head,200,40000,2024-04-11T09:45:03.658-04:00
1261,cricket,mega,800,80000,2024-04-11T09:45:03.658-04:00
1262,cricket,mega,1600,5000,2024-04-11T09:45:03.658-04:00
1263,cricket,mega,50,40000,2024-04-11T09:45:03.658-04:00
1264,cricket,mega,50,160000,2024-04-11T09:45:03.658-04:00
1265,cricket,private,50,5000,2024-04-11T09:45:03.658-04:00
1266,cricket,public,400,5000,2024-04-11T09:45:03.658-04:00
1267,cricket,public,200,5000,2024-04-11T09:45:03.658-04:00
1268,cricket,public,50,80000,2024-04-11T09:45:03.658-04:00
1269,football,head-to-head,25,10000,2024-04-11T09:45:03.658-04:00
1270,football,mega,800,40000,2024-04-11T09:45:03.658-04:00
1271,football,mega,200,10000,2024-04-11T09:45:03.658-04:00
1272,kabaddi,mega,25,5000,2024-04-11T09:45:03.658-04:00
1273,cricket,mega,25,80000,2024-04-11T09:45:03.658-04:00
1274,cricket,private,200,160000,2024-04-11T09:45:03.658-04:00
1275,cricket,public,800,80000,2024-04-11T09:45:03.658-04:00
1276,cricket,public,25,20000,2024-04-11T09:45:03.658-04:00
1277,cricket,public,800,5000,2024-04-11T09:45:03.658-04:00
1278,cricket,head-to-head,1600,10000,2024-04-11T09:45:03.658-04:00
1279,cricket,mega,400,40000,2024-04-11T09:45:03.658-04:00
1280,cricket,mega,100,10000,2024-04-11T09:45:03.658-04:00
1281,cricket,mega,800,160000,2024-04-11T09:45:03.658-04:00
1282,football,mega,800,80000,2024-04-11T09:45:03.658-04:00
1283,football,private,800,80000,2024-04-11T09:45:03.658-04:00
1284,football,public,1600,10000,2024-04-11T09:45:03.658-04:00
1285,kabaddi,public,200,5000,2024-04-11T09:45:03.658-04:00
1286,cricket,public,800,160000,2024-04-11T09:45:03.658-04:00
1287,cricket,head-to-head,100,5000,2024-04-11T09:45:03.658-04:00
1288,cricket,mega,25,5000,2024-04-11T09:45:03.658-04:00
1289,cricket,mega,200,80000,2024-04-11T09:45:03.658-04:00
1290,cricket,mega,800,20000,2024-04-11T09:45:03.658-04:00
1291,cricket,mega,800,40000,2024-04-11T09:45:03.658-04:00
1292,cricket,private,100,10000,2024-04-11T09:45:03.658-04:00
1293,cricket,public,50,80000,2024-04-11T09:45:03.658-04:00
1294,cricket,public,50,5000,2024-04-11T09:45:03.658-04:00
1295,football,public,1600,80000,2024-04-11T09:45:03.658-04:00
1296,football,head-to-head,400,2500,2024-04-11T09:45:03.658-04:00
1297,football,mega,200,5000,2024-04-11T09:45:03.658-04:00
1298,kabaddi,mega,50,20000,2024-04-11T09:45:03.658-04:00
1299,cricket,mega,1600,80000,2024-04-11T09:45:03.658-04:00
1300,cricket,mega,50,10000,2024-04-11T09:45:03.658-04:00
1301,cricket,private,1600,80000,2024-04-11T09:45:03.658-04:00
1302,cricket,public,800,40000,2024-04-11T09:45:03.658-04:00
1303,cricket,public,200,80000,2024-04-11T09:45:03.658-04:00
1304,cricket,public,800,40000,2024-04-11T09:45:03.658-04:00
1305,cricket,head-to-head,400,20000,2024-04-11T09:45:03.658-04:00
1306,cricket,mega,400,80000,2024-04-11T09:45:03.658-04:00
1307,cricket,mega,200,20000,2024-04-11T09:45:03.658-04:00
1308,football,mega,100,5000,2024-04-11T09:45:03.658-04:00
1309,football,mega,400,80000,2024-04-11T09:45:03.658-04:00
1310,football,private,100,2500,2024-04-11T09:45:03.658-04:00
1311,kabaddi,public,800,40000,2024-04-11T09:45:03.658-04:00
1312,cricket,public,50,10000,2024-04-11T09:45:03.658-04:00
1313,cricket,public,400,40000,2024-04-11T09:45:03.658-04:00
1314,cricket,head-to-head,200,10000,2024-04-11T09:45:03.658-04:00
1315,cricket,mega,200,20000,2024-04-11T09:45:03.658-04:00
1316,cricket,mega,50,20000,2024-04-11T09:45:03.658-04:00
1317,cricket,mega,1600,2500,2024-04-11T09:45:03.658-04:00
1318,cricket,mega,50,80000,2024-04-11T09:45:03.658-04:00
1319,cricket,private,800,80000,2024-04-11T09:45:03.658-04:00
1320,cricket,public,400,40000,2024-04-11T09:45:03.658-04:00
1321,football,public,200,10000,2024-04-11T09:45:03.658-04:00
1322,football,public,50,2500,2024-04-11T09:45:03.658-04:00
1323,football,head-to-head,800,5000,2024-04-11T09:45:03.658-04:00
1324,kabaddi,mega,100,80000,2024-04-11T09:45:03.658-04:00
1325,cricket,mega,400,20000,2024-04-11T09:45:03.658-04:00
1326,cricket,mega,1600,2500,2024-04-11T09:45:03.658-04:00
1327,cricket,mega,100,5000,2024-04-11T09:45:03.658-04:00
1328,cricket,private,100,40000,2024-04-11T09:45:03.658-04:00
1329,cricket,public,50,10000,2024-04-11T09:45:03.658-04:00
1330,cricket,public,50,20000,2024-04-11T09:45:03.658-04:00
1331,cricket,public,100,10000,2024-04-11T09:45:03.658-04:00
1332,cricket,head-to-head,50,160000,2024-04-11T09:45:03.658-04:00
1333,cricket,mega,50,80000,2024-04-11T09:45:03.658-04:00
1334,football,mega,1600,10000,2024-04-11T09:45:03.658-04:00
1335,football,mega,200,10000,2024-04-11T09:45:03.658-04:00
1336,football,mega,100,160000,2024-04-11T09:45:03.658-04:00
1337,kabaddi,private,100,80000,2024-04-11T09:45:03.658-04:00
1338,cricket,public,50,40000,2024-04-11T09:45:03.658-04:00
1339,cricket,public,100,5000,2024-04-11T09:45:03.658-04:00
1340,cricket,public,400,20000,2024-04-11T09:45:03.658-04:00
1341,cricket,head-to-head,50,10000,2024-04-11T09:45:03.658-04:00
1342,cricket,mega,100,20000,2024-04-11T09:45:03.658-04:00
1343,cricket,mega,25,10000,2024-04-11T09:45:03.658-04:00
1344,cricket,mega,50,10000,2024-04-11T09:45:03.658-04:00
1345,cricket,mega,50,80000,2024-04-11T09:45:03.658-04:00
1346,cricket,private,50,10000,2024-04-11T09:45:03.658-04:00
1347,football,public,25,160000,2024-04-11T09:45:03.658-04:00
1348,football,public,800,40000,2024-04-11T09:45:03.658-04:00
1349,football,public,800,10000,2024-04-11T09:45:03.658-04:00
1350,kabaddi,head-to-head,50,5000,2024-04-11T09:45:03.658-04:00
1351,cricket,mega,800,80000,2024-04-11T09:45:03.658-04:00
1352,cricket,mega,1600,20000,2024-04-11T09:45:03.658-04:00
1353,cricket,mega,400,40000,2024-04-11T09:45:03.658-04:00
1354,cricket,mega,200,2500,2024-04-11T09:45:03.658-04:00
1355,cricket,private,800,20000,2024-04-11T09:45:03.658-04:00
1356,cricket,public,800,80000,2024-04-11T09:45:03.658-04:00
1357,cricket,public,200,20000,2024-04-11T09:45:03.658-04:00
1358,cricket,public,100,80000,2024-04-11T09:45:03.658-04:00
1359,cricket,head-to-head,200,40000,2024-04-11T09:45:03.658-04:00
1360,football,mega,50,2500,2024-04-11T09:45:03.658-04:00
1361,football,mega,25,80000,2024-04-11T09:45:03.658-04:00
1362,football,mega,50,80000,2024-04-11T09:45:03.658-04:00
1363,kabaddi,mega,50,40000,2024-04-11T09:45:03.658-04:00
1364,cricket,private,400,20000,2024-04-11T09:45:03.658-04:00
1365,cricket,public,800,80000,2024-04-11T09:45:03.658-04:00
1366,cricket,public,100,40000,2024-04-11T09:45:03.658-04:00
1367,cricket,public,25,80000,2024-04-11T09:45:03.658-04:00
1368,cricket,head-to-head,50,10000,2024-04-11T09:45:03.658-04:00
1369,cricket,mega,1600,10000,2024-04-11T09:45:03.658-04:00
1370,cricket,mega,100,80000,2024-04-11T09:45:03.658-04:00
1371,cricket,mega,1600,40000,2024-04-11T09:45:03.658-04:00
1372,cricket,mega,800,40000,2024-04-11T09:45:03.658-04:00
1373,football,private,100,40000,2024-04-11T09:45:03.658-04:00
1374,football,public,800,10000,2024-04-11T09:45:03.658-04:00
1375,football,public,400,40000,2024-04-11T09:45:03.658-04:00
1376,kabaddi,public,1600,20000,2024-04-11T09:45:03.658-04:00
1377,cricket,head-to-head,50,5000,2024-04-11T09:45:03.658-04:00
1378,cricket,mega,800,10000,2024-04-11T09:45:03.658-04:00
1379,cricket,mega,400,160000,2024-04-11T09:45:03.658-04:00
1380,cricket,mega,200,160000,2024-04-11T09:45:03.658-04:00
1381,cricket,mega,1600,5000,2024-04-11T09:45:03.658-04:00
1382,cricket,private,800,20000,2024-04-11T09:45:03.658-04:00
1383,cricket,public,800,20000,2024-04-11T09:45:03.658-04:00
1384,cricket,public,200,2500,2024-04-11T09:45:03.658-04:00
1385,cricket,public,100,40000,2024-04-11T09:45:03.658-04:00
1386,football,head-to-head,800,5000,2024-04-11T09:45:03.658-04:00
1387,football,mega,100,80000,2024-04-11T09:45:03.658-04:00
1388,football,mega,1600,160000,2024-04-11T09:45:03.658-04:00
1389,kabaddi,mega,50,160000,2024-04-11T09:45:03.658-04:00
1390,cricket,mega,100,5000,2024-04-11T09:45:03.658-04:00
1391,cricket,private,400,20000,2024-04-11T09:45:03.658-04:00
1392,cricket,public,25,10000,2024-04-11T09:45:03.658-04:00
1393,cricket,public,50,40000,2024-04-11T09:45:03.658-04:00
1394,cricket,public,200,40000,2024-04-11T09:45:03.658-04:00
1395,cricket,head-to-head,50,80000,2024-04-11T09:45:03.658-04:00
1396,cricket,mega,400,5000,2024-04-11T09:45:03.658-04:00
1397,cricket,mega,200,80000,2024-04-11T09:45:03.658-04:00
1398,cricket,mega,200,10000,2024-04-11T09:45:03.658-04:00
1399,football,mega,1600,20000,2024-04-11T09:45:03.658-04:00
1400,football,private,100,20000,2024-04-11T09:45:03.658-04:00
1401,football,public,50,40000,2024-04-11T09:45:03.658-04:00
1402,kabaddi,public,400,160000,2024-04-11T09:45:03.658-04:00
1403,cricket,public,200,10000,2024-04-11T09:45:03.658-04:00
1404,cricket,head-to-head,200,40000,2024-04-11T09:45:03.658-04:00
1405,cricket,mega,100,2500,2024-04-11T09:45:03.658-04:00
1406,cricket,mega,400,80000,2024-04-11T09:45:03.658-04:00
1407,cricket,mega,400,5000,2024-04-11T09:45:03.658-04:00
1408,cricket,mega,400,10000,2024-04-11T09:45:03.658-04:00
1409,cricket,private,200,5000,2024-04-11T09:45:03.658-04:00
1410,cricket,public,100,20000,2024-04-11T09:45:03.658-04:00
1411,cricket,public,100,160000,2024-04-11T09:45:03.658-04:00
1412,football,public,1600,20000,2024-04-11T09:45:03.658-04:00
1413,football,head-to-head,1600,20000,2024-04-11T09:45:03.658-04:00
1414,football,mega,400,5000,2024-04-11T09:45:03.658-04:00
1415,kabaddi,mega,200,40000,2024-04-11T09:45:03.658-04:00
1416,cricket,mega,100,10000,2024-04-11T09:45:03.658-04:00
1417,cricket,mega,1600,20000,2024-04-11T09:45:03.658-04:00
1418,cricket,private,400,10000,2024-04-11T09:45:03.658-04:00
1419,cricket,public,25,10000,2024-04-11T09:45:03.658-04:00
1420,cricket,public,100,20000,2024-04-11T09:45:03.658-04:00
1421,cricket,public,400,20000,2024-04-11T09:45:03.658-04:00
1422,cricket,head-to-head,100,20000,2024-04-11T09:45:03.658-04:00
1423,cricket,mega,400,40000,2024-04-11T09:45:03.658-04:00
1424,cricket,mega,200,5000,2024-04-11T09:45:03.658-04:00
1425,football,mega,400,2500,2024-04-11T09:45:03.658-04:00
1426,football,mega,50,2500,2024-04-11T09:45:03.658-04:00
1427,football,private,200,5000,2024-04-11T09:45:03.658-04:00
1428,kabaddi,public,400,40000,2024-04-11T09:45:03.658-04:00
1429,cricket,public,800,10000,2024-04-11T09:45:03.658-04:00
1430,cricket,public,200,20000,2024-04-11T09:45:03.658-04:00
1431,cricket,head-to-head,1600,80000,2024-04-11T09:45:03.658-04:00
1432,cricket,mega,200,20000,2024-04-11T09:45:03.658-04:00
1433,cricket,mega,100,80000,2024-04-11T09:45:03.658-04:00
1434,cricket,mega,400,160000,2024-04-11T09:45:03.658-04:00
1435,cricket,mega,50,40000,2024-04-11T09:45:03.658-04:00
1436,cricket,private,25,2500,2024-04-11T09:45:03.658-04:00
1437,cricket,public,25,5000,2024-04-11T09:45:03.658-04:00
1438,football,public,50,10000,2024-04-11T09:45:03.658-04:00
1439,football,public,400,40000,2024-04-11T09:45:03.658-04:00
1440,football,head-to-head,25,10000,2024-04-11T09:45:03.658-04:00
1441,kabaddi,mega,25,40000,2024-04-11T09:45:03.658-04:00
1442,cricket,mega,1600,2500,2024-04-11T09:45:03.658-04:00
1443,cricket,mega,400,5000,2024-04-11T09:45:03.658-04:00
1444,cricket,mega,1600,2500,2024-04-11T09:45:03.658-04:00
1445,cricket,private,1600,5000,2024-04-11T09:45:03.658-04:00
1446,cricket,public,200,40000,2024-04-11T09:45:03.658-04:00
1447,cricket,public,1600,40000,2024-04-11T09:45:03.658-04:00
1448,cricket,public,200,160000,2024-04-11T09:45:03.658-04:00
1449,cricket,head-to-head,25,2500,2024-04-11T09:45:03.658-04:00
1450,cricket,mega,400,2500,2024-04-11T09:45:03.658-04:00
1451,football,mega,800,5000,2024-04-11T09:45:03.658-04:00
1452,football,mega,100,80000,2024-04-11T09:45:03.658-04:00
1453,football,mega,50,5000,2024-04-11T09:45:03.658-04:00
1454,kabaddi,private,800,5000,2024-04-11T09:45:03.658-04:00
1455,cricket,public,100,5000,2024-04-11T09:45:03.658-04:00
1456,cricket,public,400,10000,2024-04-11T09:45:03.658-04:00
1457,cricket,public,200,5000,2024-04-11T09:45:03.658-04:00
1458,cricket,head-to-head,200,10000,2024-04-11T09:45:03.658-04:00
1459,cricket,mega,400,5000,2024-04-11T09:45:03.658-04:00
1460,cricket,mega,800,80000,2024-04-11T09:45:03.658-04:00
1461,cricket,mega,400,80000,2024-04-11T09:45:03.658-04:00
1462,cricket,mega,100,40000,2024-04-11T09:45:03.658-04:00
1463,cricket,private,25,40000,2024-04-11T09:45:03.658-04:00
1464,football,public,800,80000,2024-04-11T09:45:03.658-04:00
1465,football,public,50,2500,2024-04-11T09:45:03.658-04:00
1466,football,public,50,160000,2024-04-11T09:45:03.658-04:00
1467,kabaddi,head-to-head,100,10000,2024-04-11T09:45:03.658-04:00
1468,cricket,mega,50,40000,2024-04-11T09:45:03.658-04:00
1469,cricket,mega,100,80000,2024-04-11T09:45:03.658-04:00
1470,cricket,mega,1600,2500,2024-04-11T09:45:03.658-04:00
1471,cricket,mega,50,5000,2024-04-11T09:45:03.658-04:00
1472,cricket,private,400,2500,2024-04-11T09:45:03.658-04:00
1473,cricket,public,50,160000,2024-04-11T09:45:03.658-04:00
1474,cricket,public,100,5000,2024-04-11T09:45:03.658-04:00
1475,cricket,public,100,20000,2024-04-11T09:45:03.658-04:00
1476,cricket,head-to-head,100,40000,2024-04-11T09:45:03.658-04:00
1477,football,mega,200,40000,2024-04-11T09:45:03.658-04:00
1478,football,mega,200,5000,2024-04-11T09:45:03.658-04:00
1479,football,mega,50,40000,2024-04-11T09:45:03.658-04:00
1480,kabaddi,mega,1600,80000,2024-04-11T09:45:03.658-04:00
1481,cricket,private,800,40000,2024-04-11T09:45:03.658-04:00
1482,cricket,public,50,40000,2024-04-11T09:45:03.658-04:00
1483,cricket,public,800,10000,2024-04-11T09:45:03.658-04:00
1484,cricket,public,200,5000,2024-04-11T09:45:03.658-04:00
1485,cricket,head-to-head,100,80000,2024-04-11T09:45:03.658-04:00
1486,cricket,mega,100,10000,2024-04-11T09:45:03.658-04:00
1487,cricket,mega,50,20000,2024-04-11T09:45:03.658-04:00
1488,cricket,mega,400,80000,2024-04-11T09:45:03.658-04:00
1489,cricket,mega,800,5000,2024-04-11T09:45:03.658-04:00
1490,football,private,50,40000,2024-04-11T09:45:03.658-04:00
1491,football,public,200,10000,2024-04-11T09:45:03.658-04:00
1492,football,public,800,80000,2024-04-11T09:45:03.658-04:00
1493,kabaddi,public,50,40000,2024-04-11T09:45:03.658-04:00
1494,cricket,head-to-head,400,10000,2024-04-11T09:45:03.658-04:00
1495,cricket,mega,200,10000,2024-04-11T09:45:03.658-04:00
1496,cricket,mega,800,5000,2024-04-11T09:45:03.658-04:00
1497,cricket,mega,25,20000,2024-04-11T09:45:03.658-04:00
1498,cricket,mega,100,160000,2024-04-11T09:45:03.658-04:00
1499,cricket,private,1600,160000,2024-04-11T09:45:03.658-04:00
1500,cricket,mega,100,80000,2025-04-11T09:51:55.771-04:00
1501,cricket,mega,200,20000,2025-04-11T09:51:55.771-04:00
1502,cricket,mega,50,10000,2025-04-11T09:51:55.771-04:00
1503,cricket,mega,200,10000,2025-04-11T09:51:55.771-04:00
1504,cricket,private,200,80000,2025-04-11T09:51:55.771-04:00
1505,cricket,public,200,20000,2025-04-11T09:51:55.771-04:00
1506,cricket,public,800,80000,2025-04-11T09:51:55.771-04:00
1507,cricket,public,50,20000,2025-04-11T09:51:55.771-04:00
1508,cricket,head-to-head,100,10000,2025-04-11T09:51:55.771-04:00
1509,football,mega,100,10000,2025-04-11T09:51:55.771-04:00
1510,football,mega,1600,5000,2025-04-11T09:51:55.771-04:00
1511,football,mega,800,80000,2025-04-11T09:51:55.771-04:00
1512,kabaddi,mega,100,40000,2025-04-11T09:51:55.771-04:00
1513,cricket,private,400,80000,2025-04-11T09:51:55.771-04:00
1514,cricket,public,100,40000,2025-04-11T09:51:55.771-04:00
1515,cricket,public,800,20000,2025-04-11T09:51:55.771-04:00
1516,cricket,public,100,2500,2025-04-11T09:51:55.771-04:00
1517,cricket,head-to-head,100,10000,2025-04-11T09:51:55.771-04:00
1518,cricket,mega,100,160000,2025-04-11T09:51:55.771-04:00
1519,cricket,mega,800,10000,2025-04-11T09:51:55.771-04:00
1520,cricket,mega,100,5000,2025-04-11T09:51:55.771-04:00
1521,cricket,mega,100,80000,2025-04-11T09:51:55.771-04:00
1522,football,private,100,160000,2025-04-11T09:51:55.771-04:00
1523,football,public,50,80000,2025-04-11T09:51:55.771-04:00
1524,football,public,800,40000,2025-04-11T09:51:55.771-04:00
1525,kabaddi,public,800,10000,2025-04-11T09:51:55.771-04:00
1526,cricket,head-to-head,400,5000,2025-04-11T09:51:55.771-04:00
1527,cricket,mega,50,10000,2025-04-11T09:51:55.771-04:00
1528,cricket,mega,400,5000,2025-04-11T09:51:55.771-04:00
1529,cricket,mega,25,10000,2025-04-11T09:51:55.771-04:00
1530,cricket,mega,25,5000,2025-04-11T09:51:55.771-04:00
1531,cricket,private,25,160000,2025-04-11T09:51:55.771-04:00
1532,cricket,public,400,2500,2025-04-11T09:51:55.771-04:00
1533,cricket,public,800,40000,2025-04-11T09:51:55.771-04:00
1534,cricket,public,200,5000,2025-04-11T09:51:55.771-04:00
1535,football,head-to-head,200,20000,2025-04-11T09:51:55.771-04:00
1536,football,mega,25,20000,2025-04-11T09:51:55.771-04:00
1537,football,mega,25,5000,2025-04-11T09:51:55.771-04:00
1538,kabaddi,mega,100,160000,2025-04-11T09:51:55.771-04:00
1539,cricket,mega,400,80000,2025-04-11T09:51:55.771-04:00
1540,cricket,private,100,20000,2025-04-11T09:51:55.771-04:00
1541,cricket,public,100,40000,2025-04-11T09:51:55.771-04:00
1542,cricket,public,50,10000,2025-04-11T09:51:55.771-04:00
1543,cricket,public,50,2500,2025-04-11T09:51:55.771-04:00
1544,cricket,head-to-head,400,40000,2025-04-11T09:51:55.771-04:00
1545,cricket,mega,400,5000,2025-04-11T09:51:55.771-04:00
1546,cricket,mega,50,40000,2025-04-11T09:51:55.771-04:00
1547,cricket,mega,400,20000,2025-04-11T09:51:55.771-04:00
1548,football,mega,200,20000,2025-04-11T09:51:55.771-04:00
1549,football,private,50,10000,2025-04-11T09:51:55.771-04:00
1550,football,public,50,20000,2025-04-11T09:51:55.771-04:00
1551,kabaddi,public,100,80000,2025-04-11T09:51:55.771-04:00
1552,cricket,public,25,80000,2025-04-11T09:51:55.771-04:00
1553,cricket,head-to-head,800,10000,2025-04-11T09:51:55.771-04:00
1554,cricket,mega,200,20000,2025-04-11T09:51:55.771-04:00
1555,cricket,mega,50,80000,2025-04-11T09:51:55.771-04:00
1556,cricket,mega,200,160000,2025-04-11T09:51:55.771-04:00
1557,cricket,mega,100,80000,2025-04-11T09:51:55.771-04:00
1558,cricket,private,800,2500,2025-04-11T09:51:55.771-04:00
1559,cricket,public,800,5000,2025-04-11T09:51:55.771-04:00
1560,cricket,public,1600,40000,2025-04-11T09:51:55.771-04:00
1561,football,public,1600,10000,2025-04-11T09:51:55.771-04:00
1562,football,head-to-head,400,40000,2025-04-11T09:51:55.771-04:00
1563,football,mega,400,2500,2025-04-11T09:51:55.771-04:00
1564,kabaddi,mega,800,10000,2025-04-11T09:51:55.771-04:00
1565,cricket,mega,25,10000,2025-04-11T09:51:55.771-04:00
1566,cricket,mega,100,10000,2025-04-11T09:51:55.771-04:00
1567,cricket,private,25,10000,2025-04-11T09:51:55.771-04:00
1568,cricket,public,100,5000,2025-04-11T09:51:55.771-04:00
1569,cricket,public,400,20000,2025-04-11T09:51:55.771-04:00
1570,cricket,public,50,5000,2025-04-11T09:51:55.771-04:00
1571,cricket,head-to-head,400,2500,2025-04-11T09:51:55.771-04:00
1572,cricket,mega,50,80000,2025-04-11T09:51:55.771-04:00
1573,cricket,mega,400,5000,2025-04-11T09:51:55.771-04:00
1574,football,mega,50,10000,2025-04-11T09:51:55.771-04:00
1575,football,mega,100,160000,2025-04-11T09:51:55.771-04:00
1576,football,private,1600,80000,2025-04-11T09:51:55.771-04:00
1577,kabaddi,public,100,80000,2025-04-11T09:51:55.771-04:00
1578,cricket,public,400,5000,2025-04-11T09:51:55.771-04:00
1579,cricket,public,100,40000,2025-04-11T09:51:55.771-04:00
1580,cricket,head-to-head,1600,2500,2025-04-11T09:51:55.771-04:00
1581,cricket,mega,800,10000,2025-04-11T09:51:55.771-04:00
1582,cricket,mega,25,40000,2025-04-11T09:51:55.771-04:00
1583,cricket,mega,400,80000,2025-04-11T09:51:55.771-04:00
1584,cricket,mega,50,160000,2025-04-11T09:51:55.771-04:00
1585,cricket,private,50,5000,2025-04-11T09:51:55.771-04:00
1586,cricket,public,100,20000,2025-04-11T09:51:55.771-04:00
1587,football,public,400,40000,2025-04-11T09:51:55.771-04:00
1588,football,public,400,80000,2025-04-11T09:51:55.771-04:00
1589,football,head-to-head,100,40000,2025-04-11T09:51:55.771-04:00
1590,kabaddi,mega,1600,40000,2025-04-11T09:51:55.771-04:00
1591,cricket,mega,400,5000,2025-04-11T09:51:55.771-04:00
1592,cricket,mega,400,40000,2025-04-11T09:51:55.771-04:00
1593,cricket,mega,50,10000,2025-04-11T09:51:55.771-04:00
1594,cricket,private,800,20000,2025-04-11T09:51:55.771-04:00
1595,cricket,public,100,10000,2025-04-11T09:51:55.771-04:00
1596,cricket,public,200,10000,2025-04-11T09:51:55.771-04:00
1597,cricket,public,100,80000,2025-04-11T09:51:55.771-04:00
1598,cricket,head-to-head,50,2500,2025-04-11T09:51:55.771-04:00
1599,cricket,mega,1600,80000,2025-04-11T09:51:55.771-04:00
1600,football,mega,400,10000,2025-04-11T09:51:55.771-04:00
1601,football,mega,50,160000,2025-04-11T09:51:55.771-04:00
1602,football,mega,50,2500,2025-04-11T09:51:55.771-04:00
1603,kabaddi,private,800,80000,2025-04-11T09:51:55.771-04:00
1604,cricket,public,800,80000,2025-04-11T09:51:55.771-04:00
1605,cricket,public,100,160000,2025-04-11T09:51:55.771-04:00
1606,cricket,public,100,40000,2025-04-11T09:51:55.771-04:00
1607,cricket,head-to-head,800,20000,2025-04-11T09:51:55.771-04:00
1608,cricket,mega,400,40000,2025-04-11T09:51:55.771-04:00
1609,cricket,mega,1600,20000,2025-04-11T09:51:55.771-04:00
1610,cricket,mega,400,40000,2025-04-11T09:51:55.771-04:00
1611,cricket,mega,800,2500,2025-04-11T09:51:55.771-04:00
1612,cricket,private,400,160000,2025-04-11T09:51:55.771-04:00
1613,football,public,50,40000,2025-04-11T09:51:55.771-04:00
1614,football,public,25,2500,2025-04-11T09:51:55.771-04:00
1615,football,public,400,80000,2025-04-11T09:51:55.771-04:00
1616,kabaddi,head-to-head,100,160000,2025-04-11T09:51:55.771-04:00
1617,cricket,mega,100,40000,2025-04-11T09:51:55.771-04:00
1618,cricket,mega,200,10000,2025-04-11T09:51:55.771-04:00
1619,cricket,mega,400,160000,2025-04-11T09:51:55.771-04:00
1620,cricket,mega,200,5000,2025-04-11T09:51:55.771-04:00
1621,cricket,private,400,20000,2025-04-11T09:51:55.771-04:00
1622,cricket,public,100,10000,2025-04-11T09:51:55.771-04:00
1623,cricket,public,25,20000,2025-04-11T09:51:55.771-04:00
1624,cricket,public,50,40000,2025-04-11T09:51:55.771-04:00
1625,cricket,head-to-head,1600,40000,2025-04-11T09:51:55.771-04:00
1626,football,mega,100,80000,2025-04-11T09:51:55.771-04:00
1627,football,mega,100,2500,2025-04-11T09:51:55.771-04:00
1628,football,mega,50,20000,2025-04-11T09:51:55.771-04:00
1629,kabaddi,mega,200,40000,2025-04-11T09:51:55.771-04:00
1630,cricket,private,25,10000,2025-04-11T09:51:55.771-04:00
1631,cricket,public,200,2500,2025-04-11T09:51:55.771-04:00
1632,cricket,public,800,5000,2025-04-11T09:51:55.771-04:00
1633,cricket,public,400,10000,2025-04-11T09:51:55.771-04:00
1634,cricket,head-to-head,200,80000,2025-04-11T09:51:55.771-04:00
1635,cricket,mega,400,160000,2025-04-11T09:51:55.771-04:00
1636,cricket,mega,25,20000,2025-04-11T09:51:55.771-04:00
1637,cricket,mega,1600,20000,2025-04-11T09:51:55.771-04:00
1638,cricket,mega,1600,5000,2025-04-11T09:51:55.771-04:00
1639,football,private,400,5000,2025-04-11T09:51:55.771-04:00
1640,football,public,400,2500,2025-04-11T09:51:55.771-04:00
1641,football,public,800,10000,2025-04-11T09:51:55.771-04:00
1642,kabaddi,public,400,40000,2025-04-11T09:51:55.771-04:00
1643,cricket,head-to-head,400,10000,2025-04-11T09:51:55.771-04:00
1644,cricket,mega,200,20000,2025-04-11T09:51:55.771-04:00
1645,cricket,mega,400,2500,2025-04-11T09:51:55.771-04:00
1646,cricket,mega,100,20000,2025-04-11T09:51:55.771-04:00
1647,cricket,mega,25,10000,2025-04-11T09:51:55.771-04:00
1648,cricket,private,1600,160000,2025-04-11T09:51:55.771-04:00
1649,cricket,public,200,160000,2025-04-11T09:51:55.771-04:00
1650,cricket,public,200,160000,2025-04-11T09:51:55.771-04:00
1651,cricket,public,200,5000,2025-04-11T09:51:55.771-04:00
1652,football,head-to-head,800,40000,2025-04-11T09:51:55.771-04:00
1653,football,mega,800,40000,2025-04-11T09:51:55.771-04:00
1654,football,mega,200,20000,2025-04-11T09:51:55.771-04:00
1655,kabaddi,mega,200,160000,2025-04-11T09:51:55.771-04:00
1656,cricket,mega,400,5000,2025-04-11T09:51:55.771-04:00
1657,cricket,private,1600,5000,2025-04-11T09:51:55.771-04:00
1658,cricket,public,800,20000,2025-04-11T09:51:55.771-04:00
1659,cricket,public,50,80000,2025-04-11T09:51:55.771-04:00
1660,cricket,public,1600,40000,2025-04-11T09:51:55.771-04:00
1661,cricket,head-to-head,100,40000,2025-04-11T09:51:55.771-04:00
1662,cricket,mega,800,40000,2025-04-11T09:51:55.771-04:00
1663,cricket,mega,1600,20000,2025-04-11T09:51:55.771-04:00
1664,cricket,mega,200,80000,2025-04-11T09:51:55.771-04:00
1665,football,mega,100,20000,2025-04-11T09:51:55.771-04:00
1666,football,private,800,80000,2025-04-11T09:51:55.771-04:00
1667,football,public,50,20000,2025-04-11T09:51:55.771-04:00
1668,kabaddi,public,400,20000,2025-04-11T09:51:55.771-04:00
1669,cricket,public,400,5000,2025-04-11T09:51:55.771-04:00
1670,cricket,head-to-head,1600,2500,2025-04-11T09:51:55.771-04:00
1671,cricket,mega,200,2500,2025-04-11T09:51:55.771-04:00
1672,cricket,mega,100,40000,2025-04-11T09:51:55.771-04:00
1673,cricket,mega,50,40000,2025-04-11T09:51:55.771-04:00
1674,cricket,mega,800,5000,2025-04-11T09:51:55.771-04:00
1675,cricket,private,200,40000,2025-04-11T09:51:55.771-04:00
1676,cricket,public,800,5000,2025-04-11T09:51:55.771-04:00
1677,cricket,public,800,2500,2025-04-11T09:51:55.771-04:00
1678,football,public,100,20000,2025-04-11T09:51:55.771-04:00
1679,football,head-to-head,100,40000,2025-04-11T09:51:55.771-04:00
1680,football,mega,400,5000,2025-04-11T09:51:55.771-04:00
1681,kabaddi,mega,400,10000,2025-04-11T09:51:55.771-04:00
1682,cricket,mega,200,40000,2025-04-11T09:51:55.771-04:00
1683,cricket,mega,25,5000,2025-04-11T09:51:55.771-04:00
1684,cricket,private,400,40000,2025-04-11T09:51:55.771-04:00
1685,cricket,public,100,5000,2025-04-11T09:51:55.771-04:00
1686,cricket,public,800,10000,2025-04-11T09:51:55.771-04:00
1687,cricket,public,1600,160000,2025-04-11T09:51:55.771-04:00
1688,cricket,head-to-head,800,10000,2025-04-11T09:51:55.771-04:00
1689,cricket,mega,200,160000,2025-04-11T09:51:55.771-04:00
1690,cricket,mega,1600,80000,2025-04-11T09:51:55.771-04:00
1691,football,mega,800,40000,2025-04-11T09:51:55.771-04:00
1692,football,mega,200,20000,2025-04-11T09:51:55.771-04:00
1693,football,private,800,80000,2025-04-11T09:51:55.771-04:00
1694,kabaddi,public,400,40000,2025-04-11T09:51:55.771-04:00
1695,cricket,public,400,20000,2025-04-11T09:51:55.771-04:00
1696,cricket,public,50,40000,2025-04-11T09:51:55.771-04:00
1697,cricket,head-to-head,400,20000,2025-04-11T09:51:55.771-04:00
1698,cricket,mega,200,80000,2025-04-11T09:51:55.771-04:00
1699,cricket,mega,200,40000,2025-04-11T09:51:55.771-04:00
1700,cricket,mega,200,5000,2025-04-11T09:51:55.771-04:00
1701,cricket,mega,50,80000,2025-04-11T09:51:55.771-04:00
1702,cricket,private,50,20000,2025-04-11T09:51:55.771-04:00
1703,cricket,public,200,80000,2025-04-11T09:51:55.771-04:00
1704,football,public,800,40000,2025-04-11T09:51:55.771-04:00
1705,football,public,200,10000,2025-04-11T09:51:55.771-04:00
1706,football,head-to-head,1600,160000,2025-04-11T09:51:55.771-04:00
1707,kabaddi,mega,100,5000,2025-04-11T09:51:55.771-04:00
1708,cricket,mega,800,20000,2025-04-11T09:51:55.771-04:00
1709,cricket,mega,400,10000,2025-04-11T09:51:55.771-04:00
1710,cricket,mega,400,160000,2025-04-11T09:51:55.771-04:00
1711,cricket,private,100,2500,2025-04-11T09:51:55.771-04:00
1712,cricket,public,50,20000,2025-04-11T09:51:55.771-04:00
1713,cricket,public,1600,160000,2025-04-11T09:51:55.771-04:00
1714,cricket,public,200,40000,2025-04-11T09:51:55.771-04:00
1715,cricket,head-to-head,50,2500,2025-04-11T09:51:55.771-04:00
1716,cricket,mega,25,80000,2025-04-11T09:51:55.771-04:00
1717,football,mega,200,5000,2025-04-11T09:51:55.771-04:00
1718,football,mega,800,2500,2025-04-11T09:51:55.771-04:00
1719,football,mega,400,40000,2025-04-11T09:51:55.771-04:00
1720,kabaddi,private,50,20000,2025-04-11T09:51:55.771-04:00
1721,cricket,public,100,20000,2025-04-11T09:51:55.771-04:00
1722,cricket,public,800,20000,2025-04-11T09:51:55.771-04:00
1723,cricket,public,800,40000,2025-04-11T09:51:55.771-04:00
1724,cricket,head-to-head,400,160000,2025-04-11T09:51:55.771-04:00
1725,cricket,mega,100,10000,2025-04-11T09:51:55.771-04:00
1726,cricket,mega,25,40000,2025-04-11T09:51:55.771-04:00
1727,cricket,mega,100,20000,2025-04-11T09:51:55.771-04:00
1728,cricket,mega,1600,5000,2025-04-11T09:51:55.771-04:00
1729,cricket,private,50,5000,2025-04-11T09:51:55.771-04:00
1730,football,public,200,20000,2025-04-11T09:51:55.771-04:00
1731,football,public,800,5000,2025-04-11T09:51:55.771-04:00
1732,football,public,800,80000,2025-04-11T09:51:55.771-04:00
1733,kabaddi,head-to-head,50,10000,2025-04-11T09:51:55.771-04:00
1734,cricket,mega,100,40000,2025-04-11T09:51:55.771-04:00
1735,cricket,mega,100,2500,2025-04-11T09:51:55.771-04:00
1736,cricket,mega,100,20000,2025-04-11T09:51:55.771-04:00
1737,cricket,mega,25,10000,2025-04-11T09:51:55.771-04:00
1738,cricket,private,400,5000,2025-04-11T09:51:55.771-04:00
1739,cricket,public,400,40000,2025-04-11T09:51:55.771-04:00
1740,cricket,public,100,5000,2025-04-11T09:51:55.771-04:00
1741,cricket,public,800,40000,2025-04-11T09:51:55.771-04:00
1742,cricket,head-to-head,800,40000,2025-04-11T09:51:55.771-04:00
1743,football,mega,50,5000,2025-04-11T09:51:55.771-04:00
1744,football,mega,100,80000,2025-04-11T09:51:55.771-04:00
1745,football,mega,200,20000,2025-04-11T09:51:55.771-04:00
1746,kabaddi,mega,50,40000,2025-04-11T09:51:55.771-04:00
1747,cricket,private,800,5000,2025-04-11T09:51:55.771-04:00
1748,cricket,public,50,20000,2025-04-11T09:51:55.771-04:00
1749,cricket,public,400,10000,2025-04-11T09:51:55.771-04:00
1750,cricket,public,800,80000,2025-04-11T09:51:55.771-04:00
1751,cricket,head-to-head,200,10000,2025-04-11T09:51:55.771-04:00
1752,cricket,mega,1600,10000,2025-04-11T09:51:55.771-04:00
1753,cricket,mega,800,2500,2025-04-11T09:51:55.771-04:00
1754,cricket,mega,25,2500,2025-04-11T09:51:55.771-04:00
1755,cricket,mega,25,10000,2025-04-11T09:51:55.771-04:00
1756,football,private,200,2500,2025-04-11T09:51:55.771-04:00
1757,football,public,800,40000,2025-04-11T09:51:55.771-04:00
1758,football,public,800,5000,2025-04-11T09:51:55.771-04:00
1759,kabaddi,public,800,10000,2025-04-11T09:51:55.771-04:00
1760,cricket,head-to-head,200,40000,2025-04-11T09:51:55.771-04:00
1761,cricket,mega,800,80000,2025-04-11T09:51:55.771-04:00
1762,cricket,mega,1600,5000,2025-04-11T09:51:55.771-04:00
1763,cricket,mega,50,40000,2025-04-11T09:51:55.771-04:00
1764,cricket,mega,50,160000,2025-04-11T09:51:55.771-04:00
1765,cricket,private,50,5000,2025-04-11T09:51:55.771-04:00
1766,cricket,public,400,5000,2025-04-11T09:51:55.771-04:00
1767,cricket,public,200,5000,2025-04-11T09:51:55.771-04:00
1768,cricket,public,50,80000,2025-04-11T09:51:55.771-04:00
1769,football,head-to-head,25,10000,2025-04-11T09:51:55.771-04:00
1770,football,mega,800,40000,2025-04-11T09:51:55.771-04:00
1771,football,mega,200,10000,2025-04-11T09:51:55.771-04:00
1772,kabaddi,mega,25,5000,2025-04-11T09:51:55.771-04:00
1773,cricket,mega,25,80000,2025-04-11T09:51:55.771-04:00
1774,cricket,private,200,160000,2025-04-11T09:51:55.771-04:00
1775,cricket,public,800,80000,2025-04-11T09:51:55.771-04:00
1776,cricket,public,25,20000,2025-04-11T09:51:55.771-04:00
1777,cricket,public,800,5000,2025-04-11T09:51:55.771-04:00
1778,cricket,head-to-head,1600,10000,2025-04-11T09:51:55.771-04:00
1779,cricket,mega,400,40000,2025-04-11T09:51:55.771-04:00
1780,cricket,mega,100,10000,2025-04-11T09:51:55.771-04:00
1781,cricket,mega,800,160000,2025-04-11T09:51:55.771-04:00
1782,football,mega,800,80000,2025-04-11T09:51:55.771-04:00
1783,football,private,800,80000,2025-04-11T09:51:55.771-04:00
1784,football,public,1600,10000,2025-04-11T09:51:55.771-04:00
1785,kabaddi,public,200,5000,2025-04-11T09:51:55.771-04:00
1786,cricket,public,800,160000,2025-04-11T09:51:55.771-04:00
1787,cricket,head-to-head,100,5000,2025-04-11T09:51:55.771-04:00
1788,cricket,mega,25,5000,2025-04-11T09:51:55.771-04:00
1789,cricket,mega,200,80000,2025-04-11T09:51:55.771-04:00
1790,cricket,mega,800,20000,2025-04-11T09:51:55.771-04:00
1791,cricket,mega,800,40000,2025-04-11T09:51:55.771-04:00
1792,cricket,private,100,10000,2025-04-11T09:51:55.771-04:00
1793,cricket,public,50,80000,2025-04-11T09:51:55.771-04:00
1794,cricket,public,50,5000,2025-04-11T09:51:55.771-04:00
1795,football,public,1600,80000,2025-04-11T09:51:55.771-04:00
1796,football,head-to-head,400,2500,2025-04-11T09:51:55.771-04:00
1797,football,mega,200,5000,2025-04-11T09:51:55.771-04:00
1798,kabaddi,mega,50,20000,2025-04-11T09:51:55.771-04:00
1799,cricket,mega,1600,80000,2025-04-11T09:51:55.771-04:00
1800,cricket,mega,50,10000,2025-04-11T09:51:55.771-04:00
1801,cricket,private,1600,80000,2025-04-11T09:51:55.771-04:00
1802,cricket,public,800,40000,2025-04-11T09:51:55.771-04:00
1803,cricket,public,200,80000,2025-04-11T09:51:55.771-04:00
1804,cricket,public,800,40000,2025-04-11T09:51:55.771-04:00
1805,cricket,head-to-head,400,20000,2025-04-11T09:51:55.771-04:00
1806,cricket,mega,400,80000,2025-04-11T09:51:55.771-04:00
1807,cricket,mega,200,20000,2025-04-11T09:51:55.771-04:00
1808,football,mega,100,5000,2025-04-11T09:51:55.771-04:00
1809,football,mega,400,80000,2025-04-11T09:51:55.771-04:00
1810,football,private,100,2500,2025-04-11T09:51:55.771-04:00
1811,kabaddi,public,800,40000,2025-04-11T09:51:55.771-04:00
1812,cricket,public,50,10000,2025-04-11T09:51:55.771-04:00
1813,cricket,public,400,40000,2025-04-11T09:51:55.771-04:00
1814,cricket,head-to-head,200,10000,2025-04-11T09:51:55.771-04:00
1815,cricket,mega,200,20000,2025-04-11T09:51:55.771-04:00
1816,cricket,mega,50,20000,2025-04-11T09:51:55.771-04:00
1817,cricket,mega,1600,2500,2025-04-11T09:51:55.771-04:00
1818,cricket,mega,50,80000,2025-04-11T09:51:55.771-04:00
1819,cricket,private,800,80000,2025-04-11T09:51:55.771-04:00
1820,cricket,public,400,40000,2025-04-11T09:51:55.771-04:00
1821,football,public,200,10000,2025-04-11T09:51:55.771-04:00
1822,football,public,50,2500,2025-04-11T09:51:55.771-04:00
1823,football,head-to-head,800,5000,2025-04-11T09:51:55.771-04:00
1824,kabaddi,mega,100,80000,2025-04-11T09:51:55.771-04:00
1825,cricket,mega,400,20000,2025-04-11T09:51:55.771-04:00
1826,cricket,mega,1600,2500,2025-04-11T09:51:55.771-04:00
1827,cricket,mega,100,5000,2025-04-11T09:51:55.771-04:00
1828,cricket,private,100,40000,2025-04-11T09:51:55.771-04:00
1829,cricket,public,50,10000,2025-04-11T09:51:55.771-04:00
1830,cricket,public,50,20000,2025-04-11T09:51:55.771-04:00
1831,cricket,public,100,10000,2025-04-11T09:51:55.771-04:00
1832,cricket,head-to-head,50,160000,2025-04-11T09:51:55.771-04:00
1833,cricket,mega,50,80000,2025-04-11T09:51:55.771-04:00
1834,football,mega,1600,10000,2025-04-11T09:51:55.771-04:00
1835,football,mega,200,10000,2025-04-11T09:51:55.771-04:00
1836,football,mega,100,160000,2025-04-11T09:51:55.771-04:00
1837,kabaddi,private,100,80000,2025-04-11T09:51:55.771-04:00
1838,cricket,public,50,40000,2025-04-11T09:51:55.771-04:00
1839,cricket,public,100,5000,2025-04-11T09:51:55.771-04:00
1840,cricket,public,400,20000,2025-04-11T09:51:55.771-04:00
1841,cricket,head-to-head,50,10000,2025-04-11T09:51:55.771-04:00
1842,cricket,mega,100,20000,2025-04-11T09:51:55.771-04:00
1843,cricket,mega,25,10000,2025-04-11T09:51:55.771-04:00
1844,cricket,mega,50,10000,2025-04-11T09:51:55.771-04:00
1845,cricket,mega,50,80000,2025-04-11T09:51:55.771-04:00
1846,cricket,private,50,10000,2025-04-11T09:51:55.771-04:00
1847,football,public,25,160000,2025-04-11T09:51:55.771-04:00
1848,football,public,800,40000,2025-04-11T09:51:55.771-04:00
1849,football,public,800,10000,2025-04-11T09:51:55.771-04:00
1850,kabaddi,head-to-head,50,5000,2025-04-11T09:51:55.771-04:00
1851,cricket,mega,800,80000,2025-04-11T09:51:55.771-04:00
1852,cricket,mega,1600,20000,2025-04-11T09:51:55.771-04:00
1853,cricket,mega,400,40000,2025-04-11T09:51:55.771-04:00
1854,cricket,mega,200,2500,2025-04-11T09:51:55.771-04:00
1855,cricket,private,800,20000,2025-04-11T09:51:55.771-04:00
1856,cricket,public,800,80000,2025-04-11T09:51:55.771-04:00
1857,cricket,public,200,20000,2025-04-11T09:51:55.771-04:00
1858,cricket,public,100,80000,2025-04-11T09:51:55.771-04:00
1859,cricket,head-to-head,200,40000,2025-04-11T09:51:55.771-04:00
1860,football,mega,50,2500,2025-04-11T09:51:55.771-04:00
1861,football,mega,25,80000,2025-04-11T09:51:55.771-04:00
1862,football,mega,50,80000,2025-04-11T09:51:55.771-04:00
1863,kabaddi,mega,50,40000,2025-04-11T09:51:55.771-04:00
1864,cricket,private,400,20000,2025-04-11T09:51:55.771-04:00
1865,cricket,public,800,80000,2025-04-11T09:51:55.771-04:00
1866,cricket,public,100,40000,2025-04-11T09:51:55.771-04:00
1867,cricket,public,25,80000,2025-04-11T09:51:55.771-04:00
1868,cricket,head-to-head,50,10000,2025-04-11T09:51:55.771-04:00
1869,cricket,mega,1600,10000,2025-04-11T09:51:55.771-04:00
1870,cricket,mega,100,80000,2025-04-11T09:51:55.771-04:00
1871,cricket,mega,1600,40000,2025-04-11T09:51:55.771-04:00
1872,cricket,mega,800,40000,2025-04-11T09:51:55.771-04:00
1873,football,private,100,40000,2025-04-11T09:51:55.771-04:00
1874,football,public,800,10000,2025-04-11T09:51:55.771-04:00
1875,football,public,400,40000,2025-04-11T09:51:55.771-04:00
1876,kabaddi,public,1600,20000,2025-04-11T09:51:55.771-04:00
1877,cricket,head-to-head,50,5000,2025-04-11T09:51:55.771-04:00
1878,cricket,mega,800,10000,2025-04-11T09:51:55.771-04:00
1879,cricket,mega,400,160000,2025-04-11T09:51:55.771-04:00
1880,cricket,mega,200,160000,2025-04-11T09:51:55.771-04:00
1881,cricket,mega,1600,5000,2025-04-11T09:51:55.771-04:00
1882,cricket,private,800,20000,2025-04-11T09:51:55.771-04:00
1883,cricket,public,800,20000,2025-04-11T09:51:55.771-04:00
1884,cricket,public,200,2500,2025-04-11T09:51:55.771-04:00
1885,cricket,public,100,40000,2025-04-11T09:51:55.771-04:00
1886,football,head-to-head,800,5000,2025-04-11T09:51:55.771-04:00
1887,football,mega,100,80000,2025-04-11T09:51:55.771-04:00
1888,football,mega,1600,160000,2025-04-11T09:51:55.771-04:00
1889,kabaddi,mega,50,160000,2025-04-11T09:51:55.771-04:00
1890,cricket,mega,100,5000,2025-04-11T09:51:55.771-04:00
1891,cricket,private,400,20000,2025-04-11T09:51:55.771-04:00
1892,cricket,public,25,10000,2025-04-11T09:51:55.771-04:00
1893,cricket,public,50,40000,2025-04-11T09:51:55.771-04:00
1894,cricket,public,200,40000,2025-04-11T09:51:55.771-04:00
1895,cricket,head-to-head,50,80000,2025-04-11T09:51:55.771-04:00
1896,cricket,mega,400,5000,2025-04-11T09:51:55.771-04:00
1897,cricket,mega,200,80000,2025-04-11T09:51:55.771-04:00
1898,cricket,mega,200,10000,2025-04-11T09:51:55.771-04:00
1899,football,mega,1600,20000,2025-04-11T09:51:55.771-04:00
1900,football,private,100,20000,2025-04-11T09:51:55.771-04:00
1901,football,public,50,40000,2025-04-11T09:51:55.771-04:00
1902,kabaddi,public,400,160000,2025-04-11T09:51:55.771-04:00
1903,cricket,public,200,10000,2025-04-11T09:51:55.771-04:00
1904,cricket,head-to-head,200,40000,2025-04-11T09:51:55.771-04:00
1905,cricket,mega,100,2500,2025-04-11T09:51:55.771-04:00
1906,cricket,mega,400,80000,2025-04-11T09:51:55.771-04:00
1907,cricket,mega,400,5000,2025-04-11T09:51:55.771-04:00
1908,cricket,mega,400,10000,2025-04-11T09:51:55.771-04:00
1909,cricket,private,200,5000,2025-04-11T09:51:55.771-04:00
1910,cricket,public,100,20000,2025-04-11T09:51:55.771-04:00
1911,cricket,public,100,160000,2025-04-11T09:51:55.771-04:00
1912,football,public,1600,20000,2025-04-11T09:51:55.771-04:00
1913,football,head-to-head,1600,20000,2025-04-11T09:51:55.771-04:00
1914,football,mega,400,5000,2025-04-11T09:51:55.771-04:00
1915,kabaddi,mega,200,40000,2025-04-11T09:51:55.771-04:00
1916,cricket,mega,100,10000,2025-04-11T09:51:55.771-04:00
1917,cricket,mega,1600,20000,2025-04-11T09:51:55.771-04:00
1918,cricket,private,400,10000,2025-04-11T09:51:55.771-04:00
1919,cricket,public,25,10000,2025-04-11T09:51:55.771-04:00
1920,cricket,public,100,20000,2025-04-11T09:51:55.771-04:00
1921,cricket,public,400,20000,2025-04-11T09:51:55.771-04:00
1922,cricket,head-to-head,100,20000,2025-04-11T09:51:55.771-04:00
1923,cricket,mega,400,40000,2025-04-11T09:51:55.771-04:00
1924,cricket,mega,200,5000,2025-04-11T09:51:55.771-04:00
1925,football,mega,400,2500,2025-04-11T09:51:55.771-04:00
1926,football,mega,50,2500,2025-04-11T09:51:55.771-04:00
1927,football,private,200,5000,2025-04-11T09:51:55.771-04:00
1928,kabaddi,public,400,40000,2025-04-11T09:51:55.771-04:00
1929,cricket,public,800,10000,2025-04-11T09:51:55.771-04:00
1930,cricket,public,200,20000,2025-04-11T09:51:55.771-04:00
1931,cricket,head-to-head,1600,80000,2025-04-11T09:51:55.771-04:00
1932,cricket,mega,200,20000,2025-04-11T09:51:55.771-04:00
1933,cricket,mega,100,80000,2025-04-11T09:51:55.771-04:00
1934,cricket,mega,400,160000,2025-04-11T09:51:55.771-04:00
1935,cricket,mega,50,40000,2025-04-11T09:51:55.771-04:00
1936,cricket,private,25,2500,2025-04-11T09:51:55.771-04:00
1937,cricket,public,25,5000,2025-04-11T09:51:55.771-04:00
1938,football,public,50,10000,2025-04-11T09:51:55.771-04:00
1939,football,public,400,40000,2025-04-11T09:51:55.771-04:00
1940,football,head-to-head,25,10000,2025-04-11T09:51:55.771-04:00
1941,kabaddi,mega,25,40000,2025-04-11T09:51:55.771-04:00
1942,cricket,mega,1600,2500,2025-04-11T09:51:55.771-04:00
1943,cricket,mega,400,5000,2025-04-11T09:51:55.771-04:00
1944,cricket,mega,1600,2500,2025-04-11T09:51:55.771-04:00
1945,cricket,private,1600,5000,2025-04-11T09:51:55.771-04:00
1946,cricket,public,200,40000,2025-04-11T09:51:55.771-04:00
1947,cricket,public,1600,40000,2025-04-11T09:51:55.771-04:00
1948,cricket,public,200,160000,2025-04-11T09:51:55.771-04:00
1949,cricket,head-to-head,25,2500,2025-04-11T09:51:55.771-04:00
1950,cricket,mega,400,2500,2025-04-11T09:51:55.771-04:00
1951,football,mega,800,5000,2025-04-11T09:51:55.771-04:00
1952,football,mega,100,80000,2025-04-11T09:51:55.771-04:00
1953,football,mega,50,5000,2025-04-11T09:51:55.771-04:00
1954,kabaddi,private,800,5000,2025-04-11T09:51:55.771-04:00
1955,cricket,public,100,5000,2025-04-11T09:51:55.771-04:00
1956,cricket,public,400,10000,2025-04-11T09:51:55.771-04:00
1957,cricket,public,200,5000,2025-04-11T09:51:55.771-04:00
1958,cricket,head-to-head,200,10000,2025-04-11T09:51:55.771-04:00
1959,cricket,mega,400,5000,2025-04-11T09:51:55.771-04:00
1960,cricket,mega,800,80000,2025-04-11T09:51:55.771-04:00
1961,cricket,mega,400,80000,2025-04-11T09:51:55.771-04:00
1962,cricket,mega,100,40000,2025-04-11T09:51:55.771-04:00
1963,cricket,private,25,40000,2025-04-11T09:51:55.771-04:00
1964,football,public,800,80000,2025-04-11T09:51:55.771-04:00
1965,football,public,50,2500,2025-04-11T09:51:55.771-04:00
1966,football,public,50,160000,2025-04-11T09:51:55.771-04:00
1967,kabaddi,head-to-head,100,10000,2025-04-11T09:51:55.771-04:00
1968,cricket,mega,50,40000,2025-04-11T09:51:55.771-04:00
1969,cricket,mega,100,80000,2025-04-11T09:51:55.771-04:00
1970,cricket,mega,1600,2500,2025-04-11T09:51:55.771-04:00
1971,cricket,mega,50,5000,2025-04-11T09:51:55.771-04:00
1972,cricket,private,400,2500,2025-04-11T09:51:55.771-04:00
1973,cricket,public,50,160000,2025-04-11T09:51:55.771-04:00
1974,cricket,public,100,5000,2025-04-11T09:51:55.771-04:00
1975,cricket,public,100,20000,2025-04-11T09:51:55.771-04:00
1976,cricket,head-to-head,100,40000,2025-04-11T09:51:55.771-04:00
1977,football,mega,200,40000,2025-04-11T09:51:55.771-04:00
1978,football,mega,200,5000,2025-04-11T09:51:55.771-04:00
1979,football,mega,50,40000,2025-04-11T09:51:55.771-04:00
1980,kabaddi,mega,1600,80000,2025-04-11T09:51:55.771-04:00
1981,cricket,private,800,40000,2025-04-11T09:51:55.771-04:00
1982,cricket,public,50,40000,2025-04-11T09:51:55.771-04:00
1983,cricket,public,800,10000,2025-04-11T09:51:55.771-04:00
1984,cricket,public,200,5000,2025-04-11T09:51:55.771-04:00
1985,cricket,head-to-head,100,80000,2025-04-11T09:51:55.771-04:00
1986,cricket,mega,100,10000,2025-04-11T09:51:55.771-04:00
1987,cricket,mega,50,20000,2025-04-11T09:51:55.771-04:00
1988,cricket,mega,400,80000,2025-04-11T09:51:55.771-04:00
1989,cricket,mega,800,5000,2025-04-11T09:51:55.771-04:00
1990,football,private,50,40000,2025-04-11T09:51:55.771-04:00
1991,football,public,200,10000,2025-04-11T09:51:55.771-04:00
1992,football,public,800,80000,2025-04-11T09:51:55.771-04:00
1993,kabaddi,public,50,40000,2025-04-11T09:51:55.771-04:00
1994,cricket,head-to-head,400,10000,2025-04-11T09:51:55.771-04:00
1995,cricket,mega,200,10000,2025-04-11T09:51:55.771-04:00
1996,cricket,mega,800,5000,2025-04-11T09:51:55.771-04:00
1997,cricket,mega,25,20000,2025-04-11T09:51:55.771-04:00
1998,cricket,mega,100,160000,2025-04-11T09:51:55.771-04:00
1999,cricket,private,1600,160000,2025-04-11T09:51:55.771-04:00
